term,label,n_models,n_positive_sig_05,n_negative_sig_05,median_coef,all_ur_market_fe_coef,all_ur_market_fe_p,all_ur_unit_fe_coef,all_ur_unit_fe_p
platform_any,Any platform,4,2,0,0.028036129701965343,0.06134606490171087,0.008286568097523258,-0.009839636513845937,0.20511174635468699
promo_active:platform_any,Promotion:Any platform,4,2,0,0.012467743532973002,0.015256830185755701,0.23660540642891514,0.009678656880190302,5.795584144550055e-05
unlock_fee_z:platform_any,Unlock fee:Any platform,4,0,2,-0.043437050793365774,-0.0648360318935016,0.00013632499778067135,-0.003013281020984877,0.7254924659145816
