sample,rows,cities,city_operators,mean_ur,mean_ur_boxcox,mean_log_trips,platform_any_rows,large_only_rows,local_only_rows,multi_platform_rows,weak_exposure_rows,promo_rows
all,14514,30,97,0.009061918214027315,-2.518663782707959,7.095504808591073,7894,4079,1686,2129,746,738
no_weak_exposure,13768,30,92,0.009105104039607579,-2.517778584889676,7.138565644564147,7453,3638,1686,2129,0,594
scooter_only,11149,30,75,0.007384487953018333,-2.5500974811401487,7.258560569783007,6487,4079,279,2129,441,585
