term,label,n_models,n_positive_sig_05,n_negative_sig_05,median_coef,all_ur_market_fe_coef,all_ur_market_fe_p,all_ur_unit_fe_coef,all_ur_unit_fe_p
promo_active:platform_any,Promotion:Any platform,4,2,0,0.015756435841293534,0.012045325421026586,0.42387551628100373,0.011543859406281174,1.429328426733467e-06
promo_active:large_aggregator_only,Promotion:FreeNow only,4,1,1,8.475962074150365e-18,0.003034757546407035,0.9075734406485865,-0.0013889086259973177,0.6453291333084066
promo_active:local_maas_only,Promotion:Local MaaS only,4,0,0,-0.010237496595325597,-0.01996213937402846,0.5328740518795562,-0.00764199069521326,0.21646988083519902
promo_active:multi_platform,Promotion:Multi-platform,4,2,0,0.04311598902467319,0.04037060077549076,0.2598772009394077,0.04630487066736248,8.1338825207658e-10
promo_active:weak_exposure_only,Promotion:Weak exposure only,4,1,0,2.889728872344204e-17,0.0030347575464075953,0.9075734406485696,-0.001388908625998983,0.64532913330801
