term,label,n_models,n_positive_sig_05,n_negative_sig_05,median_coef,all_ur_market_fe_coef,all_ur_market_fe_p,all_ur_unit_fe_coef,all_ur_unit_fe_p
Coverage_z:platform_any,Coverage:Any platform,6,0,0,-3.1638788083571774e-05,-0.024465519033419186,0.11210577411580806,0.0013700851057269583,0.8621184228409053
Exclusive_Coverage_z:platform_any,Exclusive_Coverage:Any platform,6,0,0,-0.018398054416108665,-0.04000214086732083,0.07351778519364892,-0.018380291624606367,0.21586723641135686
price_per_minute_z:platform_any,Price/min:Any platform,6,1,0,0.023583509395891433,-0.004923321159175041,0.81826879612227,0.02353752193749276,0.37099796616963576
promo_active:platform_any,Promotion:Any platform,6,0,0,0.014147743301962378,0.021594067626888955,0.12517423879905232,0.004597318863032507,0.4829134816884363
relative_fleet_size_z:platform_any,Relative fleet:Any platform,6,0,0,0.01022407747539568,-0.0029357722892930558,0.8437209402133238,0.018070846430186752,0.05080848450722235
unlock_fee_z:platform_any,Unlock fee:Any platform,6,0,3,-0.0401542060771379,-0.07150842409773345,1.7988732372264147e-05,-0.023557728957572223,0.34860568062015207
