term,label,n_models,n_positive_sig_05,n_negative_sig_05,median_coef,all_ur_market_fe_coef,all_ur_market_fe_p,all_ur_unit_fe_coef,all_ur_unit_fe_p
price_per_minute_z,Price/min,6,2,0,0.023450214791879725,0.0557708066763609,0.028168160850626105,0.011127202018355962,0.2505559274648326
price_per_minute_z:platform_any,Price/min:Any platform,6,1,0,0.02766360567839679,-0.01933585668333882,0.3286303752646067,0.02781179682967322,0.07330045248447613
unlock_fee_z,Unlock fee,6,3,0,0.019239089436281248,0.0229603301269447,0.24000449082993514,0.02278649751055796,1.3124282976677182e-05
unlock_fee_z:platform_any,Unlock fee:Any platform,6,0,3,-0.038975312846583184,-0.06504829511394007,0.00018627104862749833,-0.022889413167245354,0.17248760799000862
